<Device>
  <DeviceInformation DeviceName="NGIMU" SerialNumber="002AF9A6" FirmwareVersion="v1.13 (Apr 18 2019 16:16:50)" BootloaderVersion="v1.1 (Sep 28 2016 17:05:48)" HardwareVersion="v1.6 (October 2017)" />
  <ConnectionInformation ConnectionType="Serial" PortName="COM4" BaudRate="115200" RtsCtsEnabled="False" />
  <TimeStamps First="2000-01-05 05:34:54.156" Last="2000-01-05 05:37:42.018" TimeSpan="00:02:47.862" />
  <FilesCreated>
    <File Name="sensors.csv" Messages="169" />
    <File Name="magnitudes.csv" Messages="169" />
    <File Name="quaternion.csv" Messages="169" />
    <File Name="matrix.csv" Messages="169" />
    <File Name="euler.csv" Messages="169" />
    <File Name="linear.csv" Messages="169" />
    <File Name="earth.csv" Messages="169" />
    <File Name="temperature.csv" Messages="169" />
    <File Name="humidity.csv" Messages="169" />
    <File Name="battery.csv" Messages="168" />
  </FilesCreated>
  <Statistics BytesReceived="1890443" PacketsReceived="32218" BundlesReceived="32140" MessagesReceived="32218" ReceiveErrors="0" />
</Device>