<Device>
  <DeviceInformation DeviceName="NGIMU" SerialNumber="002AF9A6" FirmwareVersion="v1.13 (Apr 18 2019 16:16:50)" BootloaderVersion="v1.1 (Sep 28 2016 17:05:48)" HardwareVersion="v1.6 (October 2017)" />
  <ConnectionInformation ConnectionType="Serial" PortName="COM4" BaudRate="115200" RtsCtsEnabled="False" />
  <TimeStamps First="2000-01-07 01:03:43.183" Last="2000-01-07 01:06:24.174" TimeSpan="00:02:40.991" />
  <FilesCreated>
    <File Name="sensors.csv" Messages="162" />
    <File Name="magnitudes.csv" Messages="162" />
    <File Name="quaternion.csv" Messages="162" />
    <File Name="matrix.csv" Messages="162" />
    <File Name="euler.csv" Messages="162" />
    <File Name="linear.csv" Messages="162" />
    <File Name="earth.csv" Messages="162" />
    <File Name="temperature.csv" Messages="162" />
    <File Name="humidity.csv" Messages="162" />
    <File Name="battery.csv" Messages="161" />
  </FilesCreated>
  <Statistics BytesReceived="364650" PacketsReceived="6263" BundlesReceived="6185" MessagesReceived="6263" ReceiveErrors="0" />
</Device>