<Device>
  <DeviceInformation DeviceName="NGIMU" SerialNumber="002AF9A6" FirmwareVersion="v1.13 (Apr 18 2019 16:16:50)" BootloaderVersion="v1.1 (Sep 28 2016 17:05:48)" HardwareVersion="v1.6 (October 2017)" />
  <ConnectionInformation ConnectionType="Serial" PortName="COM4" BaudRate="115200" RtsCtsEnabled="False" />
  <TimeStamps First="2000-01-06 21:21:02.186" Last="2000-01-06 21:24:54.114" TimeSpan="00:03:51.928" />
  <FilesCreated>
    <File Name="sensors.csv" Messages="233" />
    <File Name="magnitudes.csv" Messages="233" />
    <File Name="quaternion.csv" Messages="233" />
    <File Name="matrix.csv" Messages="233" />
    <File Name="euler.csv" Messages="233" />
    <File Name="linear.csv" Messages="233" />
    <File Name="earth.csv" Messages="233" />
    <File Name="temperature.csv" Messages="233" />
    <File Name="humidity.csv" Messages="233" />
    <File Name="battery.csv" Messages="232" />
  </FilesCreated>
  <Statistics BytesReceived="214627" PacketsReceived="3708" BundlesReceived="3630" MessagesReceived="3708" ReceiveErrors="0" />
</Device>