<Device>
  <DeviceInformation DeviceName="NGIMU" SerialNumber="002AF9A6" FirmwareVersion="v1.13 (Apr 18 2019 16:16:50)" BootloaderVersion="v1.1 (Sep 28 2016 17:05:48)" HardwareVersion="v1.6 (October 2017)" />
  <ConnectionInformation ConnectionType="Serial" PortName="COM4" BaudRate="115200" RtsCtsEnabled="False" />
  <TimeStamps First="2000-01-05 03:08:39.169" Last="2000-01-05 03:11:55.098" TimeSpan="00:03:15.929" />
  <FilesCreated>
    <File Name="sensors.csv" Messages="197" />
    <File Name="magnitudes.csv" Messages="197" />
    <File Name="quaternion.csv" Messages="197" />
    <File Name="matrix.csv" Messages="197" />
    <File Name="euler.csv" Messages="197" />
    <File Name="linear.csv" Messages="197" />
    <File Name="earth.csv" Messages="197" />
    <File Name="temperature.csv" Messages="197" />
    <File Name="humidity.csv" Messages="197" />
    <File Name="battery.csv" Messages="196" />
  </FilesCreated>
  <Statistics BytesReceived="1189501" PacketsReceived="20253" BundlesReceived="20175" MessagesReceived="20253" ReceiveErrors="0" />
</Device>