<Device>
  <DeviceInformation DeviceName="NGIMU" SerialNumber="002AF9A6" FirmwareVersion="v1.13 (Apr 18 2019 16:16:50)" BootloaderVersion="v1.1 (Sep 28 2016 17:05:48)" HardwareVersion="v1.6 (October 2017)" />
  <ConnectionInformation ConnectionType="Serial" PortName="COM4" BaudRate="115200" RtsCtsEnabled="False" />
  <TimeStamps First="2000-01-08 00:09:53.188" Last="2000-01-08 00:11:25.186" TimeSpan="00:01:31.998" />
  <FilesCreated>
    <File Name="sensors.csv" Messages="93" />
    <File Name="magnitudes.csv" Messages="93" />
    <File Name="quaternion.csv" Messages="93" />
    <File Name="matrix.csv" Messages="93" />
    <File Name="euler.csv" Messages="93" />
    <File Name="linear.csv" Messages="93" />
    <File Name="earth.csv" Messages="93" />
    <File Name="temperature.csv" Messages="93" />
    <File Name="humidity.csv" Messages="93" />
    <File Name="battery.csv" Messages="92" />
  </FilesCreated>
  <Statistics BytesReceived="100790" PacketsReceived="1778" BundlesReceived="1700" MessagesReceived="1778" ReceiveErrors="0" />
</Device>