<Device>
  <DeviceInformation DeviceName="NGIMU" SerialNumber="002AF9A6" FirmwareVersion="v1.13 (Apr 18 2019 16:16:50)" BootloaderVersion="v1.1 (Sep 28 2016 17:05:48)" HardwareVersion="v1.6 (October 2017)" />
  <ConnectionInformation ConnectionType="Serial" PortName="COM4" BaudRate="115200" RtsCtsEnabled="False" />
  <TimeStamps First="2000-01-07 00:59:59.185" Last="2000-01-07 01:02:21.046" TimeSpan="00:02:21.861" />
  <FilesCreated>
    <File Name="sensors.csv" Messages="143" />
    <File Name="magnitudes.csv" Messages="143" />
    <File Name="quaternion.csv" Messages="143" />
    <File Name="matrix.csv" Messages="143" />
    <File Name="euler.csv" Messages="143" />
    <File Name="linear.csv" Messages="143" />
    <File Name="earth.csv" Messages="143" />
    <File Name="temperature.csv" Messages="143" />
    <File Name="humidity.csv" Messages="143" />
    <File Name="battery.csv" Messages="142" />
  </FilesCreated>
  <Statistics BytesReceived="221684" PacketsReceived="3833" BundlesReceived="3755" MessagesReceived="3833" ReceiveErrors="0" />
</Device>