<Device>
  <DeviceInformation DeviceName="NGIMU" SerialNumber="002AF9A6" FirmwareVersion="v1.13 (Apr 18 2019 16:16:50)" BootloaderVersion="v1.1 (Sep 28 2016 17:05:48)" HardwareVersion="v1.6 (October 2017)" />
  <ConnectionInformation ConnectionType="Serial" PortName="COM4" BaudRate="115200" RtsCtsEnabled="False" />
  <TimeStamps First="2000-01-05 20:22:36.158" Last="2000-01-05 20:25:15.986" TimeSpan="00:02:39.828" />
  <FilesCreated>
    <File Name="sensors.csv" Messages="161" />
    <File Name="magnitudes.csv" Messages="161" />
    <File Name="quaternion.csv" Messages="161" />
    <File Name="matrix.csv" Messages="161" />
    <File Name="euler.csv" Messages="161" />
    <File Name="linear.csv" Messages="161" />
    <File Name="earth.csv" Messages="161" />
    <File Name="temperature.csv" Messages="161" />
    <File Name="humidity.csv" Messages="161" />
    <File Name="battery.csv" Messages="160" />
  </FilesCreated>
  <Statistics BytesReceived="1657873" PacketsReceived="28263" BundlesReceived="28185" MessagesReceived="28263" ReceiveErrors="0" />
</Device>