<Device>
  <DeviceInformation DeviceName="NGIMU" SerialNumber="002AF9A6" FirmwareVersion="v1.13 (Apr 18 2019 16:16:50)" BootloaderVersion="v1.1 (Sep 28 2016 17:05:48)" HardwareVersion="v1.6 (October 2017)" />
  <ConnectionInformation ConnectionType="Serial" PortName="COM4" BaudRate="115200" RtsCtsEnabled="False" />
  <TimeStamps First="2000-01-06 21:46:23.168" Last="2000-01-06 21:49:52.089" TimeSpan="00:03:28.921" />
  <FilesCreated>
    <File Name="sensors.csv" Messages="210" />
    <File Name="magnitudes.csv" Messages="210" />
    <File Name="quaternion.csv" Messages="210" />
    <File Name="matrix.csv" Messages="210" />
    <File Name="euler.csv" Messages="210" />
    <File Name="linear.csv" Messages="210" />
    <File Name="earth.csv" Messages="210" />
    <File Name="temperature.csv" Messages="210" />
    <File Name="humidity.csv" Messages="210" />
    <File Name="battery.csv" Messages="209" />
  </FilesCreated>
  <Statistics BytesReceived="1096307" PacketsReceived="18688" BundlesReceived="18610" MessagesReceived="18688" ReceiveErrors="0" />
</Device>