<Device>
  <DeviceInformation DeviceName="NGIMU" SerialNumber="002AF9A6" FirmwareVersion="v1.13 (Apr 18 2019 16:16:50)" BootloaderVersion="v1.1 (Sep 28 2016 17:05:48)" HardwareVersion="v1.6 (October 2017)" />
  <ConnectionInformation ConnectionType="Serial" PortName="COM4" BaudRate="115200" RtsCtsEnabled="False" />
  <TimeStamps First="2000-01-05 19:54:59.177" Last="2000-01-05 19:57:28.013" TimeSpan="00:02:28.836" />
  <FilesCreated>
    <File Name="sensors.csv" Messages="150" />
    <File Name="magnitudes.csv" Messages="150" />
    <File Name="quaternion.csv" Messages="150" />
    <File Name="matrix.csv" Messages="150" />
    <File Name="euler.csv" Messages="150" />
    <File Name="linear.csv" Messages="150" />
    <File Name="earth.csv" Messages="150" />
    <File Name="temperature.csv" Messages="150" />
    <File Name="humidity.csv" Messages="150" />
    <File Name="battery.csv" Messages="149" />
  </FilesCreated>
  <Statistics BytesReceived="677859" PacketsReceived="11583" BundlesReceived="11505" MessagesReceived="11583" ReceiveErrors="0" />
</Device>