<Device>
  <DeviceInformation DeviceName="NGIMU" SerialNumber="002AF9A6" FirmwareVersion="v1.13 (Apr 18 2019 16:16:50)" BootloaderVersion="v1.1 (Sep 28 2016 17:05:48)" HardwareVersion="v1.6 (October 2017)" />
  <ConnectionInformation ConnectionType="Serial" PortName="COM4" BaudRate="115200" RtsCtsEnabled="False" />
  <TimeStamps First="2000-01-06 21:39:12.174" Last="2000-01-06 21:41:51.105" TimeSpan="00:02:38.931" />
  <FilesCreated>
    <File Name="sensors.csv" Messages="160" />
    <File Name="magnitudes.csv" Messages="160" />
    <File Name="quaternion.csv" Messages="160" />
    <File Name="matrix.csv" Messages="160" />
    <File Name="euler.csv" Messages="160" />
    <File Name="linear.csv" Messages="160" />
    <File Name="earth.csv" Messages="160" />
    <File Name="temperature.csv" Messages="160" />
    <File Name="humidity.csv" Messages="160" />
    <File Name="battery.csv" Messages="159" />
  </FilesCreated>
  <Statistics BytesReceived="813295" PacketsReceived="13878" BundlesReceived="13800" MessagesReceived="13878" ReceiveErrors="0" />
</Device>