<Device>
  <DeviceInformation DeviceName="NGIMU" SerialNumber="002AF9A6" FirmwareVersion="v1.13 (Apr 18 2019 16:16:50)" BootloaderVersion="v1.1 (Sep 28 2016 17:05:48)" HardwareVersion="v1.6 (October 2017)" />
  <ConnectionInformation ConnectionType="Serial" PortName="COM4" BaudRate="115200" RtsCtsEnabled="False" />
  <TimeStamps First="2000-01-06 21:28:50.181" Last="2000-01-06 21:34:41.103" TimeSpan="00:05:50.922" />
  <FilesCreated>
    <File Name="sensors.csv" Messages="352" />
    <File Name="magnitudes.csv" Messages="352" />
    <File Name="quaternion.csv" Messages="352" />
    <File Name="matrix.csv" Messages="352" />
    <File Name="euler.csv" Messages="352" />
    <File Name="linear.csv" Messages="352" />
    <File Name="earth.csv" Messages="352" />
    <File Name="temperature.csv" Messages="352" />
    <File Name="humidity.csv" Messages="352" />
    <File Name="battery.csv" Messages="351" />
  </FilesCreated>
  <Statistics BytesReceived="559926" PacketsReceived="9578" BundlesReceived="9500" MessagesReceived="9578" ReceiveErrors="0" />
</Device>